City_ID,City,Lat,Lng,Max Temp,Humidity,Cloudiness,Wind Speed,Country,Date
0,matoury,4.8483,-52.3317,24.98,94,0,0.51,GF,1690500473
1,wynyard,-41.0,145.7167,11.98,92,98,5.21,AU,1690500474
2,port-aux-francais,-49.35,70.2167,5.09,87,90,11.69,TF,1690500474
3,benghazi,32.1167,20.0667,27.33,69,1,6.85,LY,1690500453
4,iskateley,67.6803,53.1512,14.49,92,100,2.17,RU,1690500475
5,wailua homesteads,22.0669,-159.378,30.24,74,0,7.2,US,1690500476
6,tabou,4.423,-7.3528,24.35,92,87,3.47,CI,1690500477
7,badger,64.8,-147.5333,26.95,47,20,4.63,US,1690500477
8,niort,46.3333,-0.3333,19.54,87,64,0.45,FR,1690500478
9,nuuk,64.1835,-51.7216,11.6,62,100,2.71,GL,1690500478
10,darovskoy,58.77,47.9564,15.24,93,84,1.78,RU,1690500479
11,ribeira grande,38.5167,-28.7,22.65,97,79,2.68,PT,1690500479
12,port douglas,-16.4833,145.4667,22.64,75,82,5.22,AU,1690500261
13,codrington,-38.2667,141.9667,11.47,93,45,5.26,AU,1690500480
14,ust-nera,64.5667,143.2,12.65,58,51,1.91,RU,1690500481
15,olonkinbyen,70.9221,-8.7187,4.89,89,100,5.65,SJ,1690500481
16,nar'yan-mar,67.6713,53.087,14.57,93,100,2.47,RU,1690500482
17,olinda,-8.0089,-34.8553,26.85,78,75,3.09,BR,1690500483
18,huayin,34.5675,110.0921,24.04,92,100,0.35,CN,1690500484
19,enewetak,11.3474,162.3373,28.21,80,100,7.19,MH,1690500484
20,la passe,45.5549,-0.8967,20.55,91,52,5.19,FR,1690500485
21,at taj,24.2049,23.2857,30.72,12,100,2.47,LY,1690500485
22,luganville,-15.5333,167.1667,23.57,78,100,6.52,VU,1690500486
23,bilibino,68.0546,166.4372,12.23,64,93,1.92,RU,1690500487
24,puerto natales,-51.7236,-72.4875,-2.96,92,74,1.26,CL,1690500487
25,sihanoukville,10.6093,103.5296,27.97,83,40,4.63,KH,1690500361
26,waitangi,-43.9535,-176.5597,9.34,87,47,2.68,NZ,1690500488
27,alofi,-19.0595,-169.9187,22.94,83,100,2.57,NU,1690500489
28,santana do livramento,-30.8908,-55.5328,9.48,82,95,2.53,BR,1690500489
29,iqaluit,63.7506,-68.5145,8.85,76,40,4.63,CA,1690500490
30,happy valley-goose bay,53.3168,-60.3315,21.17,43,75,4.12,CA,1690500490
31,kapa'a,22.0752,-159.319,30.99,74,0,7.2,US,1690500491
32,isangel,-19.55,169.2667,22.24,58,32,6.18,VU,1690500492
33,adamstown,-25.066,-130.1015,19.43,59,33,1.43,PN,1690500493
34,holyhead,53.3062,-4.6321,17.21,88,75,6.69,GB,1690500493
35,daru,-9.0763,143.2092,25.92,79,78,7.47,PG,1690500494
36,thompson,55.7435,-97.8558,14.09,67,75,3.09,CA,1690500388
37,longyearbyen,78.2186,15.6401,9.91,71,75,7.72,SJ,1690500495
38,bethel,41.3712,-73.414,29.31,84,20,0.0,US,1690500495
39,hamilton,39.1834,-84.5333,31.29,81,20,3.09,US,1690500330
40,bredasdorp,-34.5322,20.0403,9.19,90,0,1.6,ZA,1690500496
41,antalaha,-14.9003,50.2788,18.81,85,18,3.43,MG,1690500497
42,balikpapan,-1.2675,116.8289,25.55,94,40,3.6,ID,1690500497
43,amos,48.5669,-78.1162,24.4,58,41,1.83,CA,1690500498
44,howrah,22.5892,88.3103,27.0,94,75,2.57,IN,1690500498
45,puerto ayora,-0.7393,-90.3518,25.31,91,39,2.24,EC,1690500499
46,tindouf,27.6711,-8.1474,28.25,34,0,8.23,DZ,1690500499
47,klaksvik,62.2266,-6.589,11.51,95,100,5.89,FO,1690500500
48,dobryanka,58.4619,56.4165,18.22,99,37,2.76,RU,1690500501
49,owo,7.1962,5.5868,22.01,99,100,2.06,NG,1690500501
50,lebu,-37.6167,-73.65,11.64,92,100,1.2,CL,1690500502
51,ushuaia,-54.8,-68.3,0.81,55,0,5.66,AR,1690500502
52,avarua,-21.2078,-159.775,25.03,65,95,2.06,CK,1690500503
53,fada,9.5667,8.3,21.41,95,100,1.44,NG,1690500503
54,isafjordur,66.0755,-23.124,6.98,91,98,4.03,IS,1690500315
55,grytviken,-54.2811,-36.5092,-2.28,84,100,4.61,GS,1690500504
56,wuhai,39.6647,106.8122,22.02,63,0,5.7,CN,1690500480
57,hermanus,-34.4187,19.2345,7.67,77,0,1.4,ZA,1690500505
58,hithadhoo,-0.6,73.0833,28.26,79,97,6.33,MV,1690500506
59,holualoa,19.6228,-155.9522,28.08,79,75,4.12,US,1690500506
60,takoradi,4.8845,-1.7554,24.19,92,64,3.79,GH,1690500507
61,lanxi,29.2195,119.477,24.1,99,100,1.15,CN,1690500507
62,mirzapur,25.15,82.5833,29.98,57,97,2.35,IN,1690500508
63,nadym,65.5333,72.5167,18.97,76,86,2.11,RU,1690500509
64,madalena,41.2162,-8.3345,17.94,80,57,0.39,PT,1690500509
65,sterling,39.0062,-77.4286,32.55,66,82,3.17,US,1690500377
66,bozyazi,36.1082,32.9611,28.59,52,0,3.42,TR,1690500510
67,hawaiian paradise park,19.5933,-154.9731,28.35,80,100,6.17,US,1690500511
68,mundybash,53.211,87.2983,16.33,90,97,1.34,RU,1690500512
69,anadyr,64.75,177.4833,14.28,76,75,2.0,RU,1690500512
70,papao,-17.75,-149.55,27.82,81,20,4.25,PF,1690500513
71,bamboo flat,11.7,92.7167,28.05,83,40,4.63,IN,1690500513
72,yellowknife,62.456,-114.3525,24.29,31,75,5.14,CA,1690500235
73,blackmans bay,-43.0167,147.3167,12.63,73,79,3.93,AU,1690500514
74,naze,28.3667,129.4833,28.51,84,84,6.54,JP,1690500515
75,howard springs,-12.497,131.047,23.95,56,1,2.24,AU,1690500515
76,ephraim,39.3597,-111.5863,34.34,17,81,11.0,US,1690500516
77,kiuruvesi,63.65,26.6167,13.46,93,100,0.72,FI,1690500516
78,kaifeng,34.7911,114.3483,26.44,83,74,3.65,CN,1690500517
79,huilong,31.8111,121.655,27.18,93,100,7.5,CN,1690500517
80,uturoa,-16.7333,-151.4333,26.61,77,1,3.97,PF,1690500518
81,saipan,15.1355,145.701,26.39,100,100,6.17,MP,1690500518
82,talnakh,69.4865,88.3972,20.67,57,17,2.08,RU,1690500519
83,saint-louis,16.3333,-15.0,28.8,60,70,7.33,SN,1690500519
84,papatowai,-46.5619,169.4708,8.0,76,88,2.95,NZ,1690500520
85,albany,42.6001,-73.9662,26.6,88,36,1.34,US,1690500282
86,saudarkrokur,65.7461,-19.6394,7.98,92,18,3.56,IS,1690500522
87,patong,7.8961,98.2966,29.45,76,89,7.2,TH,1690500523
88,edinburgh of the seven seas,-37.0676,-12.3116,9.98,49,29,1.96,SH,1690500523
89,aitape,-3.1374,142.3475,25.95,85,78,2.4,PG,1690500524
90,trang,7.5,99.5,25.97,100,20,1.54,TH,1690500524
91,dili,-8.5586,125.5736,24.25,69,39,1.16,TL,1690500525
92,afaahiti,-17.75,-149.2833,26.93,85,40,4.35,PF,1690500525
93,port mathurin,-19.6833,63.4167,23.43,77,16,5.3,MU,1690500526
94,touros,-5.1989,-35.4608,24.92,85,1,5.96,BR,1690500526
95,windhoek,-22.5594,17.0832,15.23,31,11,3.09,NA,1690500527
96,jamestown,42.097,-79.2353,24.45,79,100,6.17,US,1690500246
97,sotouboua,8.5667,0.9833,22.59,94,95,1.51,TG,1690500528
98,young,-32.6833,-57.6333,9.56,68,76,2.37,UY,1690500528
99,nemuro,43.3236,145.575,17.12,97,75,0.72,JP,1690500529
100,las tablas,7.7667,-80.2833,27.82,81,100,1.35,PA,1690500529
101,vadso,70.0744,29.7487,12.49,93,68,3.09,NO,1690500530
102,soverato marina,38.685,16.5499,22.86,72,0,2.65,IT,1690500530
103,port lincoln,-34.7333,135.8667,13.61,87,10,5.87,AU,1690500531
104,stanley,54.868,-1.6985,16.05,87,75,2.57,GB,1690500531
105,qaqortoq,60.7167,-46.0333,7.13,72,100,0.82,GL,1690500532
106,farah,32.5,62.5,30.09,19,0,3.16,AF,1690500532
107,litchfield,41.7668,-73.2501,27.56,87,90,3.99,US,1690500533
108,flying fish cove,-10.4217,105.6791,23.82,88,75,7.2,CX,1690500533
109,lazaro cardenas,17.9583,-102.2,31.62,60,98,4.92,MX,1690500534
110,forked river,39.8398,-74.1901,33.27,69,41,0.45,US,1690500534
111,nikolayevsk-on-amure,53.1406,140.73,24.94,56,7,1.35,RU,1690500535
112,whitehorse,60.7161,-135.0538,25.01,49,75,4.63,CA,1690500487
113,dudinka,69.4058,86.1778,20.9,62,14,2.98,RU,1690500536
114,kavaratti,10.5669,72.642,28.11,76,99,6.76,IN,1690500537
115,kuanda,56.3161,116.0806,19.35,84,100,0.37,RU,1690500537
116,vorgashor,67.5833,63.95,14.09,93,94,1.22,RU,1690500538
117,fale old settlement,-9.3852,-171.2468,27.93,77,15,7.68,TK,1690500378
118,archangelos,36.2149,28.1149,26.28,60,0,5.38,GR,1690500538
119,west island,-12.1568,96.8225,23.99,78,75,10.8,CC,1690500539
120,richards bay,-28.783,32.0377,17.39,93,0,2.42,ZA,1690500539
121,laguna,38.421,-121.4238,36.41,33,0,5.14,US,1690500540
122,vorkuta,67.5,64.0,14.47,92,97,0.95,RU,1690500540
123,georgetown,5.4112,100.3354,27.75,91,20,1.54,MY,1690500323
124,greeneville,36.1632,-82.831,31.99,55,0,0.89,US,1690500541
125,hinatuan,8.3722,126.3342,24.34,95,100,0.98,PH,1690500542
126,punta arenas,-53.15,-70.9167,-1.66,85,7,2.12,CL,1690500543
127,kerikeri,-35.2268,173.9474,13.28,84,12,0.89,NZ,1690500543
128,thunder bay,48.4001,-89.3168,27.99,44,75,4.63,CA,1690500544
129,kodiak,57.79,-152.4072,13.73,82,100,4.12,US,1690500544
130,nakamura,32.9833,132.9333,28.59,69,64,0.75,JP,1690500545
131,yoro,15.1333,-87.1333,29.29,61,40,2.06,HN,1690500545
132,mandalgovi,45.7625,106.2708,18.61,51,64,4.17,MN,1690500546
133,al jawf,29.5,38.75,30.1,17,2,3.72,SA,1690500546
134,port alfred,-33.5906,26.891,15.21,84,0,5.0,ZA,1690500547
135,olyokminsk,60.3736,120.4264,21.58,71,11,2.36,RU,1690500548
136,mount pearl,47.5166,-52.7813,20.25,88,75,8.75,CA,1690500548
137,soledade,-28.8183,-52.5103,9.45,93,64,1.86,BR,1690500549
138,lospalos,-8.5186,127.0025,21.44,87,58,3.06,TL,1690500378
139,coahuayana de hidalgo,18.7,-103.6583,31.7,56,95,2.47,MX,1690500550
140,fernley,39.608,-119.2518,34.86,11,0,4.92,US,1690500550
141,chonchi,-42.6128,-73.8092,10.07,98,98,1.35,CL,1690500551
142,grants,35.1473,-107.8514,33.13,13,0,8.23,US,1690500551
143,ilulissat,69.2167,-51.1,5.01,93,20,0.51,GL,1690500552
144,ulety,51.3572,112.4849,15.82,89,100,3.52,RU,1690500552
145,villa ojo de agua,-29.5,-63.6938,11.47,60,0,2.77,AR,1690500553
146,atafu village,-8.5421,-172.5159,28.07,78,27,7.35,TK,1690500553
147,rabo de peixe,37.8,-25.5833,22.73,94,75,4.63,PT,1690500554
148,madera,37.1666,-119.8343,39.76,18,0,4.26,US,1690500554
149,arroyo de la luz,39.4851,-6.584,18.55,65,0,2.63,ES,1690500555
150,college,64.8569,-147.8028,26.99,50,75,4.63,US,1690500555
151,kasimov,54.9411,41.3953,20.43,75,19,3.84,RU,1690500556
152,inhambane,-23.865,35.3833,18.96,76,0,3.57,MZ,1690500556
153,esqueda,30.7167,-109.5833,38.09,18,2,1.82,MX,1690500557
154,canutama,-6.5339,-64.3831,28.71,44,66,0.8,BR,1690500557
155,kavieng,-2.5744,150.7967,27.67,81,46,5.16,PG,1690500558
156,salamanca,40.8333,-6.0,17.88,56,31,3.27,ES,1690500558
157,elkins,38.9259,-79.8467,28.37,90,20,3.09,US,1690500559
158,viqueque,-8.8673,126.3658,23.1,84,71,0.82,TL,1690500560
159,ancud,-41.8697,-73.8203,9.84,95,100,3.46,CL,1690500560
160,terrace,54.5163,-128.6035,21.95,52,75,7.72,CA,1690500561
161,kolonia,50.9333,6.95,17.81,90,100,3.09,DE,1690500496
162,st. john's,47.5649,-52.7093,20.71,87,75,8.75,CA,1690500268
163,santana,-0.0583,-51.1817,25.1,100,100,2.06,BR,1690500562
164,kindu,-2.95,25.95,22.68,41,24,1.37,CD,1690500563
165,walvis bay,-22.9575,14.5053,12.53,87,6,1.54,NA,1690500563
166,vetluzhskiy,58.3902,45.4654,14.97,92,48,0.29,RU,1690500564
167,taganrog,47.2362,38.8969,25.1,64,54,3.3,RU,1690500564
168,port elizabeth,-33.918,25.5701,12.16,94,0,3.09,ZA,1690500565
169,alice springs,-23.7,133.8833,15.75,88,40,0.0,AU,1690500565
170,bunia,1.5667,30.25,17.6,82,6,0.4,CD,1690500566
171,klyuchi,52.2667,79.1667,17.43,74,100,3.17,RU,1690500567
172,fort bragg,35.139,-79.006,33.32,53,0,3.09,US,1690500567
173,ratnapura,6.6828,80.3992,23.79,94,8,0.93,LK,1690500568
174,bellevue,47.6104,-122.2007,28.09,44,20,3.6,US,1690500560
175,mount isa,-20.7333,139.5,16.87,88,40,0.0,AU,1690500569
176,sao vicente,-23.9631,-46.3919,23.1,26,97,3.09,BR,1690500522
177,namibe,-15.1961,12.1522,15.58,83,33,3.71,AO,1690500571
178,djougou,9.7085,1.666,23.16,93,100,2.26,BJ,1690500571
179,bemidji,47.4736,-94.8803,27.17,59,0,3.6,US,1690500572
180,reocin,43.3485,-4.1364,20.41,86,59,0.89,ES,1690500572
181,san salvador de jujuy,-24.1946,-65.2971,9.74,71,0,1.03,AR,1690500573
182,palmer,42.1584,-72.3287,24.23,100,75,0.0,US,1690500573
183,vargashi,55.3556,65.8467,17.66,69,88,2.27,RU,1690500574
184,meghraj,23.5,73.5,25.75,92,100,6.77,IN,1690500574
185,petropavlovsk-kamchatsky,53.0452,158.6483,11.33,100,100,2.0,RU,1690500575
186,kardla,58.9978,22.7492,11.84,87,22,2.24,EE,1690500575
187,kingston,17.997,-76.7936,30.53,69,20,8.23,JM,1690500576
188,shahrak,34.1074,64.3052,15.13,33,5,1.55,AF,1690500574
189,bodaybo,57.8506,114.1933,21.16,74,1,0.37,RU,1690500577
190,mount gambier,-37.8333,140.7667,10.55,96,21,2.83,AU,1690500577
191,um jar al gharbiyya,13.8013,32.4078,27.95,60,45,6.14,SD,1690500578
192,monaghan,54.25,-6.9667,14.66,94,100,1.14,IE,1690500578
193,deschutes river woods,43.9915,-121.3584,29.06,26,0,6.17,US,1690500579
194,udachny,66.4167,112.4,16.92,55,86,1.18,RU,1690500579
195,damnagar,21.7,71.5167,25.9,88,100,5.26,IN,1690500580
196,sinfin,52.8814,-1.4919,18.46,84,75,1.54,GB,1690500580
197,nova vicosa,-17.8919,-39.3719,21.89,80,66,3.1,BR,1690500581
198,camiri,-20.05,-63.5167,18.8,54,80,1.39,BO,1690500582
199,patrocinio,-18.9439,-46.9925,21.06,38,26,1.13,BR,1690500582
200,skiathos,39.1623,23.4909,24.43,64,0,2.57,GR,1690500583
201,portland,45.5234,-122.6762,30.35,39,20,5.66,US,1690500496
202,sake,-1.5736,29.045,19.09,55,94,0.8,CD,1690500584
203,invercargill,-46.4,168.35,6.68,83,95,3.13,NZ,1690500584
204,puerto baquerizo moreno,-0.9,-89.6,24.6,78,24,5.45,EC,1690500585
205,vuktyl,63.8567,57.3094,14.24,96,100,2.94,RU,1690500585
206,carnarvon,-24.8667,113.6333,14.08,67,0,5.85,AU,1690500586
207,rongelap,11.1635,166.8941,28.7,80,100,9.03,MH,1690500586
208,gizo,-8.103,156.8419,27.66,80,62,5.4,SB,1690500587
209,qui nhon,13.7667,109.2333,27.53,76,99,4.49,VN,1690500587
210,tsiombe,-25.3,45.4833,17.28,71,0,4.5,MG,1690500588
211,port sudan,19.6175,37.2164,36.64,36,0,5.17,SD,1690500588
212,tolanaro,-25.0319,46.9987,18.04,72,20,5.14,MG,1690500589
213,sagua la grande,22.8067,-80.0756,28.55,76,78,5.2,CU,1690500589
214,adamovka,51.5223,59.9396,21.79,54,2,3.02,RU,1690500590
215,cabo san lucas,22.8909,-109.9124,35.61,62,0,7.72,MX,1690500590
216,westport,41.1415,-73.3579,31.29,78,40,4.63,US,1690500528
217,nuzvid,16.7833,80.85,24.75,89,100,5.89,IN,1690500592
218,gobabis,-22.45,18.9667,14.58,34,1,5.56,NA,1690500592
219,hirara,24.8,125.2833,29.15,84,75,9.26,JP,1690500593
220,baruun-urt,46.6806,113.2792,19.02,54,25,4.07,MN,1690500593
221,shaowu,27.3409,117.4831,24.02,96,98,1.24,CN,1690500594
222,linhares,-19.3911,-40.0722,19.67,88,27,1.74,BR,1690500595
223,aasiaat,68.7098,-52.8699,3.32,88,73,2.34,GL,1690500595
224,elliot lake,46.3834,-82.6331,24.25,64,68,2.8,CA,1690500502
225,hudiksvall,61.729,17.1036,12.27,87,21,0.81,SE,1690500316
226,pemba,-12.974,40.5178,23.27,79,46,4.88,MZ,1690500597
227,karratha,-20.7377,116.8463,17.28,56,0,4.82,AU,1690500597
228,montevideo,-34.8335,-56.1674,8.84,87,0,1.03,UY,1690500506
229,cidreira,-30.1811,-50.2056,12.8,71,75,3.07,BR,1690500598
230,petoskey,45.3733,-84.9553,30.57,78,0,1.54,US,1690500570
231,ulanhot,46.0833,122.0833,21.21,88,100,1.76,CN,1690500600
232,kyzyl-suu,42.3414,78.0056,17.06,60,91,2.04,KG,1690500601
233,ishiki,34.8,137.0167,32.32,73,15,2.29,JP,1690500601
234,sarangani,5.4033,125.4636,27.24,78,100,2.18,PH,1690500602
235,bonthe,7.5264,-12.505,25.2,90,59,3.57,SL,1690500603
236,thinadhoo,0.5333,72.9333,28.12,77,72,4.89,MV,1690500604
237,kirkuk,35.4681,44.3922,34.25,15,0,2.94,IQ,1690500412
238,praia da vitoria,38.7333,-27.0667,24.14,94,40,2.97,PT,1690500605
239,huarmey,-10.0681,-78.1522,21.41,76,16,5.24,PE,1690500544
240,changli,39.7042,119.1506,26.96,78,53,0.82,CN,1690500607
241,babu,24.4167,111.5167,28.23,81,18,1.9,CN,1690500617
242,hadibu,12.65,54.0333,25.11,80,100,10.83,YE,1690500624
243,tura,25.5198,90.2201,23.57,97,100,2.49,IN,1690500625
244,keflavik,64.0049,-22.5624,11.95,87,0,4.63,IS,1690500626
245,nicoya,10.1483,-85.452,26.39,86,100,1.13,CR,1690500627
246,hobyo,5.3505,48.5268,24.19,86,97,11.13,SO,1690500627
247,miles city,46.4083,-105.8406,33.54,18,0,3.6,US,1690500628
248,bochum,51.4833,7.2167,17.43,94,100,1.79,DE,1690500436
249,sitka,57.0531,-135.33,18.94,72,40,3.6,US,1690500629
250,freetown,8.484,-13.2299,25.21,90,56,2.93,SL,1690500630
251,tazovsky,67.4667,78.7,15.3,95,64,2.72,RU,1690500548
252,quellon,-43.1167,-73.6167,10.14,93,100,3.6,CL,1690500631
253,tibati,6.4667,12.6333,19.42,95,93,0.77,CM,1690500553
254,coquimbo,-29.9533,-71.3436,12.85,87,0,2.57,CL,1690500632
255,masterton,-40.9597,175.6575,10.49,91,96,3.13,NZ,1690500633
256,homer,59.6425,-151.5483,18.94,62,75,2.57,US,1690500635
257,middelburg,-25.7751,29.4648,11.29,55,0,0.67,ZA,1690500636
258,palopo,-2.9996,120.1921,25.01,76,45,0.92,ID,1690500636
259,kamaishi,39.2667,141.8833,27.63,68,5,0.6,JP,1690500637
260,lompoc,34.6391,-120.4579,30.08,74,40,10.28,US,1690500626
261,prieska,-29.6641,22.7474,11.45,22,0,1.69,ZA,1690500639
262,newman,37.3138,-121.0208,37.81,10,0,4.55,US,1690500552
263,tiksi,71.6872,128.8694,9.86,59,34,3.69,RU,1690500640
264,ciudad madero,22.2667,-97.8333,30.59,54,75,7.2,MX,1690500506
265,kasongo-lunda,-6.4667,16.8167,22.67,44,33,0.24,CD,1690500641
266,yuzhno-kurilsk,44.0306,145.8556,22.18,82,30,1.7,RU,1690500641
267,banbridge,54.35,-6.2833,14.5,95,100,0.92,GB,1690500642
268,sao martinho,39.5144,-9.1311,19.32,82,30,0.89,PT,1690500642
269,sassandra,4.95,-6.0833,23.6,95,57,2.36,CI,1690500643
270,usinsk,65.9939,57.5281,14.92,87,98,3.5,RU,1690500644
271,nagqu,31.5,92.0,1.36,91,90,1.19,CN,1690500577
272,ola,59.5833,151.2833,18.97,56,3,4.34,RU,1690500550
273,veraval,20.9,70.3667,26.8,87,100,9.07,IN,1690500645
274,ryotsu-minato,38.0833,138.4333,29.21,65,1,1.35,JP,1690500646
275,ilha de mocambique,-15.0342,40.7358,22.48,78,0,4.57,MZ,1690500646
276,ghat,24.9647,10.1728,31.82,11,3,1.9,LY,1690500647
277,tynda,55.1667,124.7167,18.94,90,100,1.09,RU,1690500647
278,haiku-pauwela,20.9219,-156.3051,30.01,60,20,12.86,US,1690500648
279,tezu,27.9167,96.1667,24.26,94,100,0.69,IN,1690500648
280,port isabel,26.0734,-97.2086,35.05,62,0,8.23,US,1690500649
281,utrik,11.2278,169.8474,28.46,78,87,8.87,MH,1690500560
282,shingu,33.7333,135.9833,29.15,71,34,2.09,JP,1690500650
283,luderitz,-26.6481,15.1594,12.08,85,0,0.44,NA,1690500553
284,jinka,5.65,36.65,18.11,80,95,0.54,ET,1690500651
285,hasaki,35.7333,140.8333,31.27,72,12,4.93,JP,1690500652
286,parun,35.4207,70.9221,12.89,54,4,4.88,AF,1690500652
287,qarqaraly,49.4058,75.4742,14.96,87,91,1.76,KZ,1690500653
288,healesville,-37.65,145.5167,14.14,96,95,2.53,AU,1690500653
289,two rivers,44.1539,-87.5693,30.21,73,0,4.63,US,1690500654
290,carbonear,47.7332,-53.2148,20.97,88,100,5.93,CA,1690500655
291,esmeraldas,-19.7625,-44.3139,21.58,60,59,4.13,BR,1690500513
292,gebeit,21.0667,36.3167,32.57,33,33,4.18,SD,1690500656
293,kutum,14.2,24.6667,24.99,54,98,2.86,SD,1690500656
294,ha'il,27.5219,41.6907,30.01,17,0,2.06,SA,1690500657
295,taoudenni,22.6783,-3.9836,39.53,18,32,2.23,ML,1690500573
296,margaret river,-33.95,115.0667,14.19,68,100,8.13,AU,1690500658
297,tongliao,43.6125,122.2653,26.0,68,94,6.36,CN,1690500658
298,changtu,42.7788,124.0955,25.21,86,71,7.06,CN,1690500659
299,moranbah,-22.0016,148.0466,19.12,66,69,7.94,AU,1690500659
300,kayangel,8.0823,134.7173,27.06,81,100,13.6,PW,1690500660
301,tekkali,18.6167,84.2333,26.38,90,86,3.74,IN,1690500660
302,lugoba,-6.45,38.3333,18.34,93,31,1.11,TZ,1690500661
303,krasnaya gora,52.9995,31.6023,15.17,96,96,3.71,RU,1690500661
304,guerrero negro,27.9769,-114.0611,26.67,55,7,6.6,MX,1690500662
305,alta,69.9689,23.2717,11.59,83,0,4.47,NO,1690500590
306,colonia,50.9333,6.95,17.81,90,100,3.09,DE,1690500663
307,yaren,-0.5472,166.916,28.35,77,84,4.48,NR,1690500664
308,sandnessjoen,66.0217,12.6316,12.29,93,45,1.35,NO,1690500665
309,arkhangel'sk,64.5401,40.5433,11.14,86,3,0.37,RU,1690500484
310,zapala,-38.8992,-70.0544,5.9,69,44,2.19,AR,1690500646
311,makoua,0.0069,15.6333,24.52,79,80,1.26,CG,1690500666
312,gannan,47.9147,123.5031,23.19,76,100,1.33,CN,1690500667
313,ulsteinvik,62.3432,5.8487,14.62,91,86,2.24,NO,1690500667
314,okola,4.0167,11.3833,20.82,99,100,1.81,CM,1690500668
315,loreto,22.2667,-101.9667,26.84,23,43,7.55,MX,1690500668
316,rifle,39.5347,-107.7831,36.33,13,0,7.72,US,1690500669
317,antsiranana,-12.2787,49.2917,22.53,64,61,7.15,MG,1690500669
318,jiazi,22.8779,116.067,28.29,81,91,4.67,CN,1690500670
319,kalifornsky,60.4183,-151.29,17.19,67,40,5.14,US,1690500670
320,simanggang,1.2472,111.4528,23.99,94,60,1.54,MY,1690500671
321,xudat,41.631,48.681,23.19,77,0,1.49,AZ,1690500672
322,robore,-18.3333,-59.75,24.88,50,25,0.59,BO,1690500672
323,usogorsk,63.4106,48.6872,14.25,98,98,3.31,RU,1690500673
324,muret,43.3333,1.25,19.22,90,100,0.45,FR,1690500674
325,le vauclin,14.5452,-60.8388,28.03,83,20,5.14,MQ,1690500674
326,sao joao da barra,-21.6403,-41.0511,22.05,84,1,7.54,BR,1690500394
327,lerwick,60.1545,-1.1494,13.0,87,4,2.8,GB,1690500675
328,nizhnevartovsk,60.9344,76.5531,17.01,100,0,2.0,RU,1690500676
329,perelyub,51.8667,50.3667,24.62,50,7,1.6,RU,1690500676
330,malabar,-33.9667,151.25,17.24,58,0,4.63,AU,1690500677
331,tazacorte,28.629,-17.9293,22.54,80,0,6.69,ES,1690500677
332,lihue,21.9789,-159.3672,30.58,66,0,7.2,US,1690500552
333,cox's bazar,21.4532,91.9798,26.45,90,100,3.71,BD,1690500678
334,saldanha,-33.0117,17.9442,6.03,79,0,1.36,ZA,1690500566
335,shixing,24.9482,114.0657,27.36,82,73,0.4,CN,1690500679
336,niafunke,15.9322,-3.9906,30.59,53,99,1.19,ML,1690500680
337,hailun,47.45,126.9333,24.26,90,97,4.1,CN,1690500681
338,campina verde,-19.5356,-49.4864,22.22,32,5,1.98,BR,1690500664
339,guarapari,-20.6667,-40.4975,22.16,89,0,4.74,BR,1690500682
340,shenjiamen,29.9576,122.298,26.82,89,100,10.24,CN,1690500682
341,sosnovo-ozerskoye,52.5249,111.5418,14.78,92,100,3.21,RU,1690500683
342,rio grande,-32.035,-52.0986,11.06,77,100,3.14,BR,1690500583
343,ust'-uda,54.1742,103.0304,17.77,79,17,0.77,RU,1690500684
344,ponta delgada,37.7333,-25.6667,23.4,94,75,4.63,PT,1690500684
345,constantia,44.1833,28.65,16.5,67,15,7.63,RO,1690500668
346,parkersburg,39.2667,-81.5615,29.53,80,75,0.0,US,1690500685
347,el calafate,-50.3408,-72.2768,-3.63,64,81,0.48,AR,1690500687
348,valdivia,-39.8142,-73.2459,11.05,99,100,1.05,CL,1690500687
349,coyhaique,-45.5752,-72.0662,2.97,87,100,0.0,CL,1690500688
350,blackwater,-23.5833,148.8833,18.16,100,39,3.43,AU,1690500688
351,carignan,45.4501,-73.2992,25.72,79,0,1.54,CA,1690500689
352,ermoupolis,37.4423,24.9425,26.39,65,0,6.17,GR,1690500689
353,cururupu,-1.8283,-44.8683,24.42,89,16,2.28,BR,1690500690
354,zeya,53.75,127.2667,18.54,96,100,2.09,RU,1690500691
355,temiskaming shores,47.4938,-79.7153,25.89,65,68,2.02,CA,1690500691
356,minas de marcona,-15.2119,-75.1103,13.68,78,0,5.03,PE,1690500692
357,belmonte,-15.8631,-38.8828,23.06,85,100,4.0,BR,1690500692
358,kone,-21.0595,164.8658,22.04,44,79,2.99,NC,1690500547
359,fort irwin,35.2627,-116.6848,42.9,7,0,7.2,US,1690500694
360,lucea,18.451,-78.1736,28.92,79,98,6.68,JM,1690500694
361,ferndale,42.4606,-83.1347,31.22,62,0,3.6,US,1690500473
362,tibanbang,6.6315,126.1055,26.83,83,100,5.63,PH,1690500695
363,rio preto da eva,-2.6994,-59.6997,27.51,59,71,1.37,BR,1690500696
364,narwar,25.65,77.9,28.54,73,100,0.34,IN,1690500696
365,greymouth,-42.4667,171.2,9.46,59,49,3.03,NZ,1690500697
366,mejit,10.2753,170.8646,28.39,80,99,9.25,MH,1690500697
367,syas'stroy,60.1367,32.5691,15.75,92,100,1.98,RU,1690500698
368,xiaoweizhai,26.1903,107.5125,22.64,97,92,1.49,CN,1690500698
369,grand falls-windsor,48.9332,-55.6649,21.39,86,83,5.24,CA,1690500699
370,yinchuan,38.4681,106.2731,23.39,59,0,1.45,CN,1690500699
371,el porvenir,13.7617,-87.3458,31.63,53,86,0.41,HN,1690500700
372,remire-montjoly,4.9167,-52.2667,25.02,94,0,0.51,GF,1690500701
373,peace river,56.2501,-117.286,21.17,40,40,5.14,CA,1690500702
374,puerto lempira,15.2667,-83.7667,30.08,66,40,5.14,HN,1690500569
375,opuwo,-18.0607,13.84,15.55,44,9,1.87,NA,1690500703
376,jiangyou,31.7667,104.7167,23.83,84,42,0.92,CN,1690500703
377,ulladulla,-35.35,150.4667,19.56,45,66,3.88,AU,1690500704
378,el vigia,8.6219,-71.6506,27.47,74,97,1.57,VE,1690500705
379,trincomalee,8.5711,81.2335,27.23,76,9,9.68,LK,1690500593
380,imuris,30.7833,-110.8667,37.27,31,1,6.32,MX,1690500706
381,babat,-7.1128,112.1635,22.86,75,77,3.46,ID,1690500706
382,yangjiang,21.85,111.9667,28.85,81,64,2.78,CN,1690500707
383,fort st. john,56.2499,-120.8529,19.94,49,75,2.57,CA,1690500615
384,ugoofaaru,5.6667,73.0,28.06,73,82,2.12,MV,1690500708
385,hancheng,32.5186,112.3522,26.2,85,91,5.04,CN,1690500709
386,hrebinka,50.1171,32.4361,15.42,86,100,5.58,UA,1690500709
387,steinbach,50.1667,8.5667,17.58,95,40,3.09,DE,1690500650
388,kill devil hills,36.0307,-75.676,31.66,75,0,7.72,US,1690500706
389,kokopo,-4.352,152.2633,28.98,67,95,4.04,PG,1690500711
390,sechura,-5.5569,-80.8222,23.82,69,7,7.81,PE,1690500712
391,saint-philippe,-21.3585,55.7679,17.77,70,40,2.8,RE,1690500712
392,san jose del cabo,23.0589,-109.6977,35.6,41,20,4.12,MX,1690500526
393,tobelo,1.7284,128.0095,27.39,77,100,3.09,ID,1690500713
394,dzidzantun,21.25,-89.05,28.8,72,58,3.48,MX,1690500714
395,la rinconada,37.4873,-5.9826,21.74,77,0,4.12,ES,1690500714
396,kirakira,-10.4544,161.9205,26.94,85,96,6.69,SB,1690500715
397,pijijiapan,15.7011,-93.23,28.91,78,100,1.23,MX,1690500716
398,tofol,5.3248,163.0078,25.88,94,100,1.54,FM,1690500716
399,aral,40.5156,81.2636,27.21,31,46,2.98,CN,1690500717
400,san carlos park,26.4673,-81.8015,31.01,74,0,5.66,US,1690500717
401,mermoz boabab,14.7065,-17.4758,28.88,70,75,6.17,SN,1690500718
402,east london,-33.0153,27.9116,15.07,83,0,3.89,ZA,1690500718
403,kirensk,57.7853,108.1119,19.34,89,96,0.62,RU,1690500719
404,juruti,-2.1522,-56.0922,28.64,48,15,1.71,BR,1690500719
405,el matama,16.7095,33.3565,32.16,40,39,6.38,SD,1690500720
406,conduaga,8.862,117.4893,27.81,78,100,4.68,PH,1690500720
407,acarau,-2.8856,-40.12,26.25,83,14,8.17,BR,1690500721
408,miasskoye,55.2784,61.8905,22.7,66,97,3.37,RU,1690500722
409,amga,60.8953,131.9608,20.94,38,5,1.92,RU,1690500723
410,san patricio,28.017,-97.5169,35.05,53,1,7.53,US,1690500723
411,port saint john's,-31.6229,29.5448,16.22,88,0,2.66,ZA,1690500724
412,poshekhon'ye,58.4993,39.1353,16.2,96,100,4.06,RU,1690500725
413,heerlen,50.8837,5.9815,17.55,95,75,5.14,NL,1690500486
414,ar raqqah,35.95,39.0167,28.86,39,0,7.75,SY,1690500726
415,bikenibeu village,1.3673,173.1241,30.98,74,40,2.57,KI,1690500726
416,saint-pierre,-21.3393,55.4781,17.82,72,20,3.6,RE,1690500727
417,kununurra,-15.7667,128.7333,17.99,63,96,2.06,AU,1690500727
418,susuman,62.7833,148.1667,7.55,81,100,1.11,RU,1690500728
419,saint-francois,46.4154,3.9054,17.69,82,0,0.51,FR,1690500728
420,borogontsy,62.6683,131.1683,19.53,42,58,1.94,RU,1690500729
421,xam nua,20.4197,104.0439,22.5,88,100,1.12,LA,1690500730
422,launceston,-41.45,147.1667,12.11,96,100,6.69,AU,1690500730
423,riviere-du-loup,47.8304,-69.5342,22.15,78,52,1.03,CA,1690500722
424,polyarnyy,69.1989,33.4478,11.52,93,83,0.94,RU,1690500731
425,kitimat,54.0524,-128.6534,25.51,53,100,2.54,CA,1690500586
426,el granada,37.5027,-122.4694,27.96,66,100,9.26,US,1690500591
427,zhengjiatun,43.5064,123.5064,25.5,82,88,7.88,CN,1690500733
428,savannah,32.0835,-81.0998,30.54,70,20,3.6,US,1690500531
429,sinabang,2.4803,96.3801,26.45,82,67,0.85,ID,1690500734
430,neftekumsk,44.6667,44.9167,22.69,71,0,4.88,RU,1690500734
431,island harbour,50.724,-1.2758,18.29,95,100,1.34,GB,1690500735
432,kokoda,-8.8785,147.7407,27.39,82,99,1.39,PG,1690500735
433,n'zeto,-7.2312,12.8666,20.83,92,27,4.4,AO,1690500736
434,bovalino,38.149,16.174,25.08,60,0,2.32,IT,1690500737
435,goure,13.9835,10.2704,27.48,61,100,5.6,NE,1690500737
436,vrontados,38.4089,26.1328,26.92,61,0,5.66,GR,1690500738
437,merowe,18.4833,31.8167,33.39,38,53,4.18,SD,1690500738
438,zemio,5.0314,25.1361,21.16,82,32,0.86,CF,1690500583
439,grand-lahou,5.1367,-5.0242,24.08,94,27,3.35,CI,1690500740
440,porto novo,6.4965,2.6036,24.43,92,100,2.95,BJ,1690500741
441,petropavlovka,50.6114,105.3196,16.99,77,0,1.19,RU,1690500742
442,mamuju,-2.6748,118.8885,26.4,72,75,1.36,ID,1690500718
443,novyy urgal,51.0736,132.5642,20.66,90,95,0.18,RU,1690500743
444,riverton,40.5219,-111.9391,38.57,17,0,8.23,US,1690500744
445,noventa vicentina,45.2957,11.5469,19.94,81,0,2.42,IT,1690500744
446,ylitornio,66.3089,23.6773,11.52,91,64,1.75,FI,1690500745
447,cromer,52.9312,1.2989,18.79,90,8,3.88,GB,1690500746
448,chengde,40.9725,117.9361,24.08,82,100,0.53,CN,1690500684
449,phan thiet,10.9333,108.1,25.91,89,96,3.74,VN,1690500747
450,argo,37.6333,22.7333,26.55,79,0,0.92,GR,1690500747
451,puerto carreno,6.189,-67.4859,25.75,89,89,2.79,CO,1690500748
452,dompu,-8.5356,118.4622,24.13,75,11,1.73,ID,1690500749
453,presque isle,46.6811,-68.0159,22.24,77,100,2.57,US,1690500749
454,yamada,39.4667,141.95,28.57,63,12,1.46,JP,1690500750
455,bage,-31.3314,-54.1069,7.53,87,87,2.22,BR,1690500750
456,lata,40.1629,-8.3327,13.79,97,3,1.07,PT,1690500751
457,novodvinsk,64.4165,40.8122,10.47,87,22,0.45,RU,1690500751
458,sao gabriel da cachoeira,-0.1303,-67.0892,24.37,90,97,0.72,BR,1690500622
459,san juan,-31.5375,-68.5364,14.47,40,22,5.16,AR,1690500753
460,rio claro,-22.4114,-47.5614,18.51,77,10,2.88,BR,1690500754
461,kailua-kona,19.6406,-155.9956,30.15,79,75,4.12,US,1690500554
462,merizo village,13.2658,144.6691,25.85,97,100,6.81,GU,1690500755
463,porto seguro,-16.4497,-39.0647,24.29,78,75,2.06,BR,1690500511
464,itaituba,-4.2761,-55.9836,28.95,43,46,0.88,BR,1690500756
465,golfito,8.639,-83.166,25.52,92,99,1.15,CR,1690500756
466,gisborne,-38.6533,178.0042,9.7,88,100,7.91,NZ,1690500709
467,ati,13.2154,18.3353,29.05,57,62,4.0,TD,1690500758
468,san roque,36.2107,-5.3842,20.46,73,0,7.2,ES,1690500758
469,vilyuysk,63.7553,121.6247,20.6,54,100,2.84,RU,1690500759
470,severnoye,56.3491,78.3619,14.77,94,23,0.63,RU,1690500759
471,villa gesell,-37.2639,-56.973,7.81,78,100,2.36,AR,1690500608
472,broken hill,-31.95,141.4333,17.46,56,68,8.93,AU,1690500760
473,chegdomyn,51.1167,133.0167,20.87,90,94,0.64,RU,1690500761
474,smithers,54.7804,-127.1743,17.18,67,75,0.0,CA,1690500672
475,siwa oasis,29.2041,25.5195,29.87,39,4,4.54,EG,1690500763
476,esfarayen,37.0765,57.5101,20.81,59,67,1.52,IR,1690500763
477,queenstown,-31.8976,26.8753,9.22,34,0,2.37,ZA,1690500551
478,tadine,-21.55,167.8833,20.74,56,98,7.07,NC,1690500764
479,mbake,14.7903,-15.908,28.88,65,62,6.23,SN,1690500765
480,pangai,-19.8,-174.35,22.06,73,75,3.6,TO,1690500766
481,mil'kovo,55.6078,37.7956,21.3,79,89,3.21,RU,1690500767
482,qionghai,19.2425,110.4642,28.14,71,100,1.12,CN,1690500767
483,suez,29.9737,32.5263,28.5,41,2,4.34,EG,1690500768
484,elk river,45.3038,-93.5672,35.61,65,55,0.89,US,1690500768
485,presidente epitacio,-21.7633,-52.1156,23.45,45,20,3.29,BR,1690500707
486,gryazovets,58.88,40.2525,15.31,90,100,3.13,RU,1690500769
487,oriximina,-1.7656,-55.8661,29.19,46,18,1.45,BR,1690500770
488,charters towers,-20.1,146.2667,20.72,59,91,4.32,AU,1690500771
489,ta`u,-14.2336,-169.5144,26.11,71,51,6.24,AS,1690500772
490,czersk,53.7959,17.9765,13.03,69,99,1.88,PL,1690500773
491,orkney,-26.9802,26.6727,12.0,58,0,3.3,ZA,1690500773
492,kwang binh,17.4833,106.6,29.74,69,90,3.71,VN,1690500774
493,tosontsengel,48.7567,98.2839,13.61,71,23,1.46,MN,1690500774
494,baragua,21.6967,-78.6328,26.64,88,99,2.53,CU,1690500775
495,manta,-0.95,-80.7333,25.56,73,75,6.17,EC,1690500775
496,zhangye,38.9342,100.4517,25.46,25,0,4.45,CN,1690500776
497,vila velha,-20.3297,-40.2925,22.19,88,75,3.09,BR,1690500776
498,acapulco de juarez,16.8634,-99.8901,31.9,66,75,4.63,MX,1690500777
499,skowhegan,44.7651,-69.7192,25.28,86,100,1.62,US,1690500777
500,santa terezinha,-29.9002,-50.0904,13.01,74,61,2.69,BR,1690500778
501,abalak,58.1286,68.5944,14.72,82,74,1.94,RU,1690500779
502,korla,41.7597,86.1469,30.22,24,12,2.84,CN,1690500779
503,extrema,-22.8547,-46.3183,16.11,94,93,1.96,BR,1690500780
504,kalevala,65.2,31.1667,13.12,82,84,0.62,RU,1690500780
505,marabba,12.35,32.1833,25.98,68,82,4.89,SD,1690500781
506,gereshk,31.8209,64.5701,30.02,17,36,0.85,AF,1690500782
507,hammerfest,70.6634,23.6821,9.25,87,75,1.54,NO,1690500782
508,khash,28.2211,61.2158,25.18,67,0,1.0,IR,1690500783
509,aykhal,66.0,111.5,17.91,53,90,1.27,RU,1690500783
510,farafangana,-22.8167,47.8333,19.27,75,97,0.73,MG,1690500784
511,dankalwa,11.7443,12.1867,25.48,69,100,3.94,NG,1690500784
512,cuamba,-14.8031,36.5372,15.64,55,0,0.63,MZ,1690500785
513,zhaoqing,23.0512,112.4597,31.57,74,24,1.53,CN,1690500785
514,lamu,-2.2717,40.902,25.12,84,6,7.55,KE,1690500786
515,cockburn town,21.4612,-71.1419,29.98,66,40,6.17,TC,1690500787
516,mikuni,36.2171,136.1519,29.95,65,5,0.62,JP,1690500787
517,korce,40.6186,20.7808,13.24,81,0,0.2,AL,1690500788
518,pechora,65.1472,57.2244,15.42,85,100,2.46,RU,1690500788
519,ust'-ilimsk,58.0006,102.6619,19.09,76,100,0.66,RU,1690500735
520,nuku'alofa,-21.1333,-175.2,22.19,68,20,4.12,TO,1690500789
521,dalby,-27.1833,151.2667,18.02,46,2,2.33,AU,1690500790
522,veselyy,47.0934,40.7422,23.75,45,36,5.7,RU,1690500790
523,dickinson,29.4608,-95.0513,35.07,59,20,5.66,US,1690500791
524,khandud,36.9513,72.318,15.16,41,32,2.84,AF,1690500792
525,miguel ahumada,30.6167,-106.5167,37.7,12,43,6.9,MX,1690500792
526,heroica caborca,30.7167,-112.15,41.44,24,6,6.46,MX,1690500793
527,tromso,69.6496,18.957,9.1,93,40,4.63,NO,1690500794
528,las lomitas,-24.7096,-60.593,14.6,85,77,1.67,AR,1690500794
529,puerto deseado,-47.7503,-65.8938,2.33,75,12,5.24,AR,1690500581
530,ayr,55.4627,-4.6339,15.99,88,75,1.54,GB,1690500795
531,akdepe,42.0551,59.3788,26.05,31,0,4.24,TM,1690500796
532,boca suno,-0.7167,-77.1333,22.55,96,36,1.14,EC,1690500796
533,san andres,12.5847,-81.7006,30.01,74,75,5.66,CO,1690500797
534,nouadhibou,20.931,-17.0347,22.99,68,7,10.29,MR,1690500797
535,al bardiyah,31.7561,25.0865,25.9,78,0,6.98,LY,1690500798
536,lakhnadon,22.6,79.6,26.23,81,100,1.51,IN,1690500798
537,nuevitas,21.5453,-77.2644,27.29,87,100,5.08,CU,1690500799
538,sidareja,-7.4846,108.7923,21.23,89,31,0.28,ID,1690500799
539,tangalle,6.024,80.7911,24.84,88,12,4.51,LK,1690500791
540,la'ie,21.6477,-157.9253,31.98,64,16,6.23,US,1690500743
541,durban,-29.8579,31.0292,14.51,84,19,1.39,ZA,1690500660
542,sur,22.5667,59.5289,28.49,72,96,4.31,OM,1690500624
543,esquel,-42.9,-71.3167,3.67,97,98,1.67,AR,1690500802
544,singaraja,-8.112,115.0882,24.77,73,34,1.57,ID,1690500803
545,san antonio de pale,-1.4014,5.6325,23.16,88,96,5.85,GQ,1690500803
546,kiama,-34.6833,150.8667,20.14,61,33,2.56,AU,1690500741
547,konstantinovka,49.6167,127.9833,22.16,86,92,2.26,RU,1690500804
548,brookings,44.3114,-96.7984,35.14,59,40,2.06,US,1690500670
549,baikonur,45.6167,63.3167,26.11,34,2,5.07,KZ,1690500805
550,brisas de zicatela,15.8369,-97.0419,29.84,68,88,1.31,MX,1690500806
551,nganjuk,-7.6051,111.9035,23.27,73,52,4.77,ID,1690500806
552,baotou,40.6522,109.8222,21.39,70,57,3.93,CN,1690500667
553,novyy urengoy,66.0833,76.6333,19.01,81,89,2.21,RU,1690500807
554,vilyuchinsk,52.9306,158.4028,12.15,91,100,0.43,RU,1690500549
555,kruisfontein,-34.0033,24.7314,10.83,90,0,2.04,ZA,1690500592
556,velikiye luki,56.34,30.5452,12.62,94,100,5.55,RU,1690500783
557,puerto el triunfo,13.2833,-88.55,34.48,71,98,3.0,SV,1690500810
558,visby,57.6409,18.296,15.46,94,75,2.57,SE,1690500810
559,blairgowrie,56.5916,-3.3405,15.9,94,99,0.49,GB,1690500811
560,timimoun,29.2639,0.231,39.21,9,9,3.09,DZ,1690500811
561,las palmas,28.4204,-14.0131,22.44,64,100,8.23,ES,1690500812
562,mana,5.6592,-53.7767,26.14,87,42,4.75,GF,1690500812
563,chernyshevskiy,63.0128,112.4714,17.49,55,63,2.62,RU,1690500813
564,ingeniero guillermo n. juarez,-23.9,-61.85,15.21,84,62,1.84,AR,1690500813
565,rikaze,29.25,88.8833,10.15,87,100,1.57,CN,1690500582
566,mel'nikovo,56.5558,84.085,16.89,80,78,0.41,RU,1690500814
567,lianzhou,24.7811,112.3825,28.06,84,2,1.82,CN,1690500815
568,sokur,55.2093,83.319,16.2,88,72,1.86,RU,1690500815
569,kumbo,6.2,10.6667,16.03,95,100,1.08,CM,1690500816
570,bubaque,11.2833,-15.8333,27.81,84,95,5.41,GW,1690500817
571,ariquemes,-9.9133,-63.0408,26.42,43,8,1.12,BR,1690500817
572,white river,-25.3318,31.0117,13.53,82,1,1.54,ZA,1690500790
573,forster,-32.1667,152.5167,15.77,72,0,2.66,AU,1690500818
574,amuntai,-2.4177,115.2494,24.04,76,74,0.75,ID,1690500819
575,urengoy,65.9667,78.3667,18.45,85,86,1.39,RU,1690500819
576,dawei,14.0833,98.2,26.01,90,91,3.49,MM,1690500820
577,abu zabad,12.35,29.25,25.1,67,86,4.45,SD,1690500820
578,orapa,-21.2833,25.3667,15.18,42,2,3.39,BW,1690500821
579,elverum,60.8819,11.5623,10.21,93,89,0.62,NO,1690500821
580,zyryanovsk,49.7386,84.2719,20.29,62,100,0.68,KZ,1690500822
581,crane,31.3974,-102.3501,35.64,21,16,7.99,US,1690500822
582,canico,32.6333,-16.85,22.78,77,40,2.57,PT,1690500823
583,balabac,7.9868,117.0645,28.81,73,100,6.68,PH,1690500823
584,sillamae,59.3997,27.7547,16.12,73,100,3.02,EE,1690500824
585,kalabo,-14.97,22.6814,13.8,41,10,2.38,ZM,1690500824
586,motueka,-41.1333,173.0167,11.17,46,2,1.58,NZ,1690500825
587,rockland,41.1668,-74.0496,31.14,79,93,2.73,US,1690500826
588,lugovoye,42.9094,72.7178,21.77,56,71,2.3,KZ,1690500827
